00a7cc31784ac4a9cc27d506a73ae589d6df36d6,quickfixj-core/pom.xml
00c78c1273efbc6aeae852963ed328a5cb57092e,pom.xml
01609f962f32cc2ba04fa574c79429e86b372c6b,pom.xml
01737a7815069eef6fd035f077f5cc6f0a79b635,pom.xml
02363207c365b3befd6426f6dda5c8eac904d760,pom.xml
02eedffd33cc1fe94b59372a1c1bfd91b2fc2ced,pom.xml
0305beafdecb0b28f7c94264ed20cdc4e41ff067,pom.xml
04c07b066b60a2e9d4f797b98dcd439a3a42f0b9,pom.xml
04f776fa9bed9155776378daee788c7c166d3d35,pom.xml
063cf862c045e0a9e401a539497e34ddaf8332b3,pom.xml
0671a30e3673989830ed7f4aa345b867c29547f0,paris/pom.xml
067f5d2c81ff87c90755f4ed48f62eb5faa8ecf9,singer-commons/pom.xml
06c5386831e97e94d9b9fd155d3ea4aa8711c4e7,ui-tests/pom.xml
072528ee5e678feabeaa1e2962725134564bdd3c,pom.xml
0771fe8d060aec9dc22344b8946e25ba8500afb9,pom.xml
07e4b2894bc68cd3bb1892beaa13ec353564dcf1,ui-tests/pom.xml
07fad972bb884e9fa6143b4f870d08305811607d,pom.xml
07ff1a34661db6c7f0ca03156ff5d8936b5123f5,pom.xml
08e33c7bbc45ceac64564dadb9abbae0ed481ca5,messaging/pom.xml
0968864d08e0fce1e5e1caaf89afddd2cc1b2569,pom.xml
097d93fbb2f9998ef1390ad10f92d1b70fda8b90,pom.xml
09a8774fc7d35a4bff24b55363fb6d2b94ff09e9,pom.xml
0a11c04038eae517540051dbf51f7f26b7221f20,pom.xml
0abf7148300f40a1da0538ab060552bca4a2f1d8,pom.xml
0c088ff435224b168f93d2a20b829af940bb67dd,pom.xml
0c60d0b08c999769313bfe2335fa792efcfb0300,messaging/pom.xml
0c748afce24c983e8f330bc2435837c70b0fcde6,pom.xml
0c9a9c80287e739424508b4afd3e7b73697733ae,pom.xml
0cdcc1f1319311f383676a89808c9b8eb190145c,pom.xml
0ddd0efa29634a4783358cba727d0851236aa579,pom.xml
0e8625f492854a78c0e1ceff67b2abd7e081d42b,pom.xml
0ec1ab7e205e0ea1bafc0e0ab7be056716dd560b,core/jdk-supplemental/pom.xml
0ed34fa61c9e31bd4ebb7e4bf12ce792aec96091,pom.xml
0ee8b9376b967938e8efd89a0959214a30d1b3fb,pom.xml
1053033eef680f0199bf25ec6e3db52cc13ef3da,pom.xml
10d7545c5771b03dd9f6122bd5973a759eb2cd03,pom.xml
115827c6675f532a4d33751d1a0c0ba394bbd304,pom.xml
11be71ab8713fe987785e9e25e4f3e410e709ab9,pom.xml
11c09e31119c28ea91a9777b2ce8893bca483493,pom.xml
11fa4228dbff2f7e96f71120afac3528cafa85b4,core/pom.xml
125f1253d8331f14752a4a8d49559445301ab02d,pom.xml
1266a8c84cd04cedfa316bed94b1e9b014da872f,pom.xml
12684ee6cfd293b27c08495f97900bcd849b452c,pom.xml
1280336ece95fdbbed78274a754f90694f52ae56,pom.xml
12830c4f63bd8edf3621db703b822a2149233e85,core/jdk-supplemental/pom.xml
12e237710199fafa086fd2299edefd5f8f05a63c,src/core/persistence/pom.xml
14270a2ff9e02717d50f77fe5473b0aaca7fc9db,pom.xml
14e2c8d47384137d1fff33d9a1441af3d1ef29a3,pom.xml
14fc5fa696f499cac48401b3a86882b3bf7d9b82,nis/pom.xml
1506282e31f5b78fb4395a27f9ad901ef3d98c70,pom.xml
1629113f03956a230738c47397c33f8ba2d11341,pom.xml
164ee160adc0f663c2069bdbfcdd60e8596327b8,graphql-jpa-query-build/pom.xml
165381d26b2c3d2278fde88c16f95807506451fe,safeplace/pom.xml
16ae40b1e17e14ee3ae20ac211647e47399a01a9,pom.xml
1750bac074c30b06ae5cdff7a25db401a4f45de2,pom.xml
17778ff224c38fe03999cac8caa1814b68fd0ef2,pom.xml
17cc92fc964c1aaf486ed815c60725b6f65714d2,pom.xml
17f2bcaaba4805b218743f575919360c5aec5da4,pom.xml
18102f7a87e7ab8308a86208d47696c060110d0c,pom.xml
1820a966ae02ad8df44d0a0106cba65ceaf3aa95,pom.xml
18ab6d7afbd1663c940167f15ab7aa39011041e1,pom.xml
18e92e4eb94da9f20b9864486865295176ebd83a,pom.xml
18eff0121ded81b30af0924676407bfc663e6557,ui-tests/pom.xml
19249139eb66616953c389242c22edde60c4ac2f,pom.xml
19e20b0d69cb6dadbc54313cb6c6e5f70670ac93,pom.xml
1a2fb9f65e12d6c43a8472b9b035299b29a75ce8,pom.xml
1a771d2096b043dc34982d78494b2f14f506176a,pom.xml
1c0972fc3d905b9f2a305a78f8a158a0b3fd8639,license-maven-plugin/pom.xml
1c3529eaf282deb4868f4b13439170ef47db3e8c,avans-session-spymemcached/pom.xml
1ca02168f00f994c625eeea6b5af4ab0a06f3a27,pom.xml
1cc7071371953a7880c2c2c3a5a32c36af7f88f9,pom.xml
1cd22b76f9ea6564382ebf1160b01c0e5bcbb975,broker/pom.xml
1cf2cb24c3532551856d5edd85148f978e11a63c,pom.xml
1d0c5406203e778b5e67534cdf72f4370fd6d301,pom.xml
1d2946ff87dfd82f15fa51920ce2560f32e4aa26,plexus-compilers/plexus-compiler-eclipse/pom.xml
1d43bce1de6a81ac017c233d72f348d3c850299e,nis/pom.xml
1e17e176460ab4283e463e62fece844d341da7f0,polyglot-yaml/pom.xml
1e1de78344a89be66d2e78f7adb07a479f6677eb,pom.xml
1eb6d9d5b2a07720a0839457cee81e066dd932f2,pom.xml
1ef97ea6c5b6e34151fe6167001b69e003449f95,pom.xml
1fc5281e0688c44025fe2b390a7d6e3e3088f385,pom.xml
20b272092eaf70beed3eb1635ec8062f6b56f808,pom.xml
20e787c7e1e6d0f8de9449551a3749575348a341,pom.xml
2241358955f2c69c84b24560ca10718c1c338b97,pom.xml
22ce3b0e5c6c447c3c094bd145e9a097237ac9a9,pom.xml
22e31ea86228a73cbd54ad80fff5d12d596f1fe5,pom.xml
22eec990412b563439a1dfae84134b43d85d9815,pom.xml
249c3b394540fde4fcb72f66172af5e02b9c637e,polyglot-yaml/pom.xml
24d4a90ec1b375751e71f33d18949405c9529d77,pom.xml
24d59062ad4e93aa8054b9d3a8f97a30e77ab785,pom.xml
250cafc7d6ae47d5d4803b5a5e58186eb81fa3b5,nis/pom.xml
25926ea2f0e0adaec0238bc7623d0a78e70c96bd,pom.xml
26064aa3340526ef7924d3736cbf3c6e449a9b61,pom.xml
26fd1cd7639b7deb7078df5e4cb05c6d463ad07a,ui-tests/pom.xml
27226f9df7c2209de8206f92fd707af9381932b0,pom.xml
27ea953051c0508f589cd9cec620b38572adb5f0,google-cloud-jar-parent/pom.xml
283c6ddc77ec4f7c52e297926cb8a6960a3f8ab6,pom.xml
28745a38581cf7de6f4bf931f59b39925fe7c4ec,pom.xml
28be199c825d419957bc753a9519e8e9ecc6a08e,license-maven-plugin/pom.xml
2a91a25b4eb1781a230683c1fd349eb673b8d9d4,google-cloud-jar-parent/pom.xml
2ad5b0e1f3512246c9de99259c35af15df677c77,jvm/jfr-annotations/pom.xml
2b3054325e9e55e1af6056b604048fc328dbb2dd,pom.xml
2b4d49d68112941b8abb818549389709d8327963,pom.xml
2b60dcd83ece76e58dee05be56f00eba6deb4ac6,pom.xml
2bc88ebc6046473426ebb029c33d7050662d4c2b,pom.xml
2c04b9834112eba86fbb8ad1f925128d49449c41,pom.xml
2c957083a17edc918a21f20d2838cf7c21719700,pom.xml
2cc9522c8f62871d12243b174b98bd7d5b121362,avans/pom.xml
2d733a58045b4bf3669aa00d875e77f9db48c29b,nis/pom.xml
2dfaa41bfb97674d11f09a5885011f19808548a3,pom.xml
2ea4f3a642abcd460c303713f0de8cd803cff378,pom.xml
2f01c46b96a8edf437edf20e6dbd848edcb27085,depclean-core/pom.xml
2f9d75d4b01cd18afcb4676d134142882f9e0034,pom.xml
30149ce4bdde6418aad7f02c35bd9dc8101b58ac,pom.xml
30caf72b737bd40b6b4a16c6b25ba574e3048810,pom.xml
315060cd2c7a3812a4adf614b042de84e9c39da4,pom.xml
31a177fb212d6dd4972ded3901f338b110d68cc1,messaging/pom.xml
34e00b73f0a3493dc126583abbaf32c04b38c4a2,pom.xml
3572a1ecc0154c61e05505aed56055b9c5e539a6,thrift-logger/pom.xml
359f45ab2b6e53e99b26cb7c053114abff1bd74f,pom.xml
36859167815292f279e570d39dd2ddbcf1622dc6,billy-gin/pom.xml
36fd224b3010a716c7ee6cab66f3897d9c3b780a,core/pom.xml
37cf0a49373dbd339531a471ec503f9b9e4a34cb,pom.xml
38c9915f0cfdf0c1a2b17c3c6f283c23a0aac0cf,pom.xml
38eb09ebe87b73681489df7f8bac6d3eadebb1a1,messaging/pom.xml
3a4a2b11483689ca3e99e92785a7b27c56d072b8,ui-tests/pom.xml
3b26e04706e255544d99886b643936cfff6e2aeb,camunda-bpm-camel-spring/pom.xml
3b47c247b867ea50405402d650c08c8b5bbc2b8a,pom.xml
3b4a91979f0d93ca4cbb79e6cfa5029a6b8eaf01,pom.xml
3b7f524a09d711bc5af151086de48db940455e6a,pom.xml
3c0bc059c4b1f9b1c35ac35a67796eb4c7e716f5,license-maven-plugin/pom.xml
3c68e04f6a8ab2977a5c8fea5e2aa5373b0df742,pom.xml
3d0cc7db9d9c9420fa4f478a72067ef846ba8129,pom.xml
3d205ddac1e3db863609be19116865e4cfa6dfc9,pom.xml
3d29f9a6823fa68763d3148bc0353ac557f2a815,sorald/pom.xml
3d2b38ee1c838d885db80326b3cd60e314704e39,pom.xml
3df0868d7dc52bea41d68c0d87e7aee09a8d62db,jannovar-core/pom.xml
3dfb94445951d200d7db5327cae1c4d8b4db89b4,spring/spring-boot-1-sql-starter/pom.xml
3e2f981f08e75926838fb0fa6d96fb3efba33bc3,pom.xml
3eb708f53f5f1ce897c3554bb73f5de5698dd171,java-translate/pom.xml
3f30dfff617fd652412260ecf648a25769a27101,pom.xml
3ff575ae202cdf76ddfa8a4228a1711a6fa1e921,pom.xml
402082609522c66a3b790aedafd0570148a7d53f,sponge/pom.xml
402649cb3ebf1052724ea9dd7df04c8501e1c9ed,google-cloud-jar-parent/pom.xml
404e4edc99c0ef601ad3a343f168194815db4151,messaging/pom.xml
40feecdd9c649644668d7c84bb87b73a2b2723ca,pom.xml
41164ec5392b2c853ae871f10a9541c055028b36,pom.xml
414c42fd20fe8567b86df7ae1bbbf6d8d3e9310e,messaging/pom.xml
41ec14e7e0ccf28476905eb28b2155b11d8a55f5,pom.xml
4259baebb426fefbe9dbee26725d6803170dcb85,pom.xml
426453d4be2fa291749ffda52de1653e16ddf3c9,pom.xml
42a220bd546d293886df0d5e3892cc3ff82f1091,pom.xml
43020e184328b155c2474632b19c63d1b931c995,pom.xml
433b2a97667e285aff0fe258ef2dde1cae1b3d31,pom.xml
433ded52029eea2f7a8699f9d61f2e170c44c8ae,pom.xml
433fbc0ee1192ca4aa69f337fd3b530ec94906e9,pom.xml
43b3a858b77ec27fc8946aba292001c3de465012,pom.xml
43c824a24b09efd8b4b00449ce31cd121a6b23eb,pom.xml
441f7f07d9265cc1d4c4f369ee6524973d9c6e17,ui-tests/pom.xml
448ff013455db1ebe983fa0e1c65ed09f0bc4e3a,pom.xml
44a15fa526c10b0c39d8d7337b833d42448fcca4,pom.xml
44b14e90e4baa1b1971327f7167afb1b0f0dd8f0,pom.xml
44e6ae1bd9fea04c5c6edeee53c673e7c0310dff,pom.xml
4501f2d688da65dad0cf0eaa79bfb5ec4973abe4,pom.xml
4507371bb061f3add726d3ab7527bebb8c41960e,pom.xml
45374ceb3ac564c6fddf08f1e71ad0e1c7e95941,google-cloud-jar-parent/pom.xml
4607926d691c986e2e172f636db7c527945c5b45,messaging/pom.xml
4631885da3cfd6601de5d24133fa3828a590ca9e,pom.xml
46698497759b188a97830330dfebaf718beb5573,pom.xml
46979207151a43361447d64afd2658df40033419,billy-portugal/pom.xml
471b0bd83c66392faf40bd52e9abc4883ef2bc7a,pom.xml
471d07e01cd0c79dc9bed5344ed46418f4c078a2,java-resourcemanager/google-cloud-resourcemanager/pom.xml
474422dcefb61cf1460c9f218a11b7ba693725c2,pom.xml
4861e40d7047a73bdbae1a4856a2b5ee4a79071a,messaging/pom.xml
489aad6060454d0b7b34a144e0b345c5a3a199f5,nis/pom.xml
4a3efad6e00824e5814b9c8f571c9c98aad40281,pom.xml
4b4c08d502d98d240855013ab76008f5e0243435,nis/pom.xml
4b9fdf1135b704e050cf785d6ea353d24f4c64bb,messaging/pom.xml
4bba3fb6147e72946f64724fe55eee5d15ff6206,pom.xml
4bbf6c2f38c57568196164323ded8ba8aff9953d,pom.xml
4c7b193ce573e31766da82268ffc9ba51412faa6,pom.xml
4d3c6dbc0bd9ca66b24af0bafda70c7355c3daf7,pom.xml
4d4a773e3498e14932bfaf82f957c2a3f5c2cfe3,pom.xml
4dd50c6cb5a3ad507f1252df7263080fbe9bc10d,pom.xml
4ea77102208edb25d3d7623a687538aba6f184e9,pom.xml
4ef12d5388d4d32000a9e598c2ae29a5842e80df,clearinghouse/pom.xml
4ef9928eee8a3b357b15fd1c5b195800add63802,pom.xml
4fa4c3a1167054cc5ee192fbbed72e58de571d95,core/pom.xml
500d9c021d34b307b1a70d3f29fb7f9b5ab9d1a6,pom.xml
50829a2e5d572a679b39716c3a406f3853e50ce2,pom.xml
50be65a0234e63fe463ce8f2348a7dd8e34e2a72,pom.xml
51d44eae1e61b1dc18d14fb140acbea1b73df111,pom.xml
51e103fc80aec2526ab5dd3bcc2d4d5ce4177842,pom.xml
5275fc9ef87a6d411b719d78c681b81ac914798b,tests/test-junit4/pom.xml
5287fc631fa78e7f11d39983824cdd4215b9a03b,pom.xml
52ba94ad488d562bce56eee92fb46c63fba6541b,pom.xml
52c069901110c60553be85f5cc0e1381da26960c,pom.xml
5320d2638b01419a8bac95e0ee939523831a720a,pom.xml
532ba2101316be180cc065ba70760fcb4a650056,google-cloud-bigtable-deps-bom/pom.xml
533591407112b14f7ff2d46d515c599eb4674e95,pom.xml
53f3dbca3fdadef153a5357a9804c1f823384309,pom.xml
5476e69fca14862d862805790b73574e1de58dd2,safeplace/pom.xml
54857351e0b0a655970d7e2ccdb67f175cc5d688,pom.xml
548f2efd47b36a4200b92ffa2995aacdc2cf621a,pom.xml
54abbbde6a1233e1523a9b5f811ea100efb5dead,pom.xml
55931d4c3a2e17683deff5d4e8065a929866290b,pom.xml
55ce27e3d1dbff348810971e5d3127a9c1f01e17,pom.xml
56b1cde573f7b411a3a831bed30c624ddfdbdf3d,pom.xml
57062474434f91f25595516ae8b759a53073a40f,pom.xml
5743793a5d54e43d9acf27e46fdb3a257ee0196f,pom.xml
5769bdad76925da568294cb8a40e7d4469699ac3,lib/pom.xml
5836280b1a73c5b7fe17e3d7a369c025bcd84053,pom.xml
58d2448fa2d6ec02f428b85eaeef0855508e72b9,messaging/pom.xml
59849004763ffd66d14047d51908192ba0551a73,pom.xml
5a0d2c907276ea5b31ef08786d01ed18689f5d00,pom.xml
5aa75fa04b54eb9157894e85aa0f6ea4bfdac677,pom.xml
5adde4f1309a1078b39d013a30dc392c97ca7543,sorald/pom.xml
5af571586428b0be7883a3a374ec95d0695a25e4,graphql-jpa-query-build/pom.xml
5b7634ef016e7e65084fb0253e96bffa5810c0df,pom.xml
5b90c67ef2d2ebb296534ea2ce8d8955cf6854c7,pom.xml
5c0e38ca9f22c2bfa5db05da30917e4be49c4644,messaging/pom.xml
5cf5a482bd430d81257b4ecd85b3d4f7da911621,pom.xml
5d2262cc6f0c2e204919fd91338f2004891cb1be,.dependency-lock/pom.xml
5e61a76ca214c41d7e1c079e6a81c3ba9c26772e,pom.xml
5e6846a50737c240be6fedb6626f0d32906d10ad,messaging/pom.xml
5eb6dbe8e9c3dd1ba5e3f52c15608d28fc85e3a6,pom.xml
5effea24fcd960f5659130912daf5e1d6319c9f4,pom.xml
5f09581fe834abe1430c0bb894d095071bd1d581,pom.xml
5f8a3fa396d438157f595b07729f8d01e882c82e,pom.xml
5fcd0c3ad7727850c47602b17530dc355e5bd097,pom.xml
60d8c1a25e2d7fc688f1b2306be5675f089b74e9,pom.xml
61e96bfe3a32d6ef2e5d7912a518c78bd5474e74,thrift-logger/pom.xml
626631e833256a62137c1e5c35c5c5821ca700d5,pom.xml
64b8a013098fc450e0e6ef0f38d1acd8cfbb99c1,pom.xml
65200df71d5f6ab1c5502f74a5dc7bcbda459563,sorald/pom.xml
65b5a75419981118d5a65e295abfd2069dfce0b0,pom.xml
65d7e266291e48fd6d2c62caaa63775c74c5d472,pom.xml
6661429a5a0e998cf17daa45d8c026bdfaf9bc3f,ui-tests/pom.xml
67cb9570f6b1d90e2653ab5efd137af3edebc9b5,messaging/pom.xml
686ea4e18114ac180e35ca1c07e1f2e6dfbffbe0,pom.xml
6a96a3c8ab6523e9876ee49fdac32b494cdca4b3,pom.xml
6ac25d3a60ea29a41a37ad47b7feb2908ee84fff,pom.xml
6ad104c4fb9263ad1bb29e6b33618b8225efd92d,pom.xml
6b2f30ebeacbc54b3b86971b2f2513c7ba9cf872,pom.xml
6c53cd904bd66fc79af8687571e607c259226b81,extensions/struts2/pom.xml
6c9a2ecf3bac1e0c7675e03b2828a71450d8ed45,pom.xml
6cb50e747a317a2e3159c921e50847b197bca3cd,.dependency-lock/pom.xml
6d3f6d5a9dbce8a1fea9b955e522a010f6995fbc,messaging/pom.xml
6d68d927b01ceb567f1067a91afbc97b4c5a66ce,ui-tests/pom.xml
6e9e6cdda5c5637ce66ba16b8ccfcd5ffce8141d,pom.xml
6ee4bf66c141d1f756b6ccd793a64fb499ab46c8,pom.xml
700fd2428406fdaa4aacf00feab0cbbe634d70c2,pom.xml
70e13f6bdb7de7f8eda9f174a5616284f2157ea7,pom.xml
7192699a7a0b1d4e4d1981a7ea68bf91387bb229,pom.xml
71f0631e9cee4ea1f5829f6e127f474e9095fda5,pom.xml
72bb17e6e5f31139e268355362afabdb36c9714f,pom.xml
72ff6be0c4702d86ad2435292f034948ec896cc2,pom.xml
732226b0d9e52a355dc50143faeba6a84bb2aedc,pom.xml
735c2ce3d22b03d5781de4584a6b5f5dff8f9a05,pom.xml
741f3b5e20a91b0e9305ae79261e3c5e64971c98,pom.xml
746846c51abe7965b025db5f7cd5b4a16fa6e535,datastore-v1-proto-client/pom.xml
759b010d87ad45c7aa6a4835890e666cfcaaec0e,pom.xml
763d17f9291f3435b02d55a521ee204fbe3d0c7a,pom.xml
770174eb3091f7a6cf44cc533db18246d7d8e241,pom.xml
7731ee05ffba63b17fe0534702ccb56f286ffe7d,pom.xml
78252d13ff355a0205fff6fb7c19791412bc6478,pom.xml
78445745997d3ebe5d1e35d9762d95af875c85ec,maven-plugin/pom.xml
79759978f25c94d97f340c80ef0e77c3ee6f8cfc,pom.xml
7c62ae7f31ed9c994a9c1e6906fb9de391c1af5b,onebusaway-gtfs-hibernate/pom.xml
7c90c61e90e9936d8a7e355de8900214c759cb61,pom.xml
7cda77e3b9981dba271f866ec727ad9c6af9c709,pom.xml
7d0e38fa9d6a9f96afdc0143fa44b4145e3555d8,java-dns/pom.xml
7d1985cccacafa64e9eaa7fd5fe5c7154e994456,pom.xml
7d3fde0b944f5799c5cd81f8c551dbc456ec7474,pom.xml
7d97e1c7331f6722eb1d8192bf0a2686f5a33798,pom.xml
7e8c62e2bb21097e563747184636cf8e8934ce98,ui-tests/pom.xml
7f7de81d28b68b091bef2e6f6ffd1836167be6ea,snmpman/pom.xml
7fb959ccb8c9b32bd6cbc9fc95ed70c4d9c85575,pom.xml
806daaaaa907f679319f360c2ce99d5da5f7b5b5,pom.xml
80a534da02670221e857647dda3ce3546c76b75e,pom.xml
8198d6d20e710afae3e29af68160883b3b1203d2,pom.xml
81fdd148772078d8d5bc07f3d0fae2116825561a,pom.xml
82ce7330b4b2fec4abc0858fabd21c1254ece439,pom.xml
832e0f184efdad0fcf15d14cb7af5e30239ff454,pom.xml
836c7cc2fe1917d9ec96528d49a4150b20b540d2,pom.xml
83a25390887d8afa7d43b70070d710da3c90a7a6,pom.xml
8436e73fa0c913774d9792fc986c74309765ab61,billy-portugal/pom.xml
8502e85f9ee2ff90ce96b47b5904f011e81e8bb8,nis/pom.xml
851e6b1628f8ecb86db912dc5431a496ddf02148,pom.xml
85d468890c33b37e74e972caa71b3938a4a98223,pom.xml
863f64e40b3dce33fe357e8096138830254c15ea,pom.xml
867e69e208ff59d1f8baae7ed41d3e163a51bc65,singer/pom.xml
874ed893a4e46ea5182be2be054715967e58f08f,pom.xml
875358af2da44c7f35c3ee17bf2113cd6ec43491,pom.xml
8776fe7cd60bd309daf843bc70608ebf963c6761,pom.xml
87fbea62fa6867b8288295b80718c51981ae340a,pom.xml
88676d24472254d05976a62e72e1c3799525a616,pom.xml
8881523e12a0890f72ac9fef69821cefba0c7a09,pom.xml
88a20ece4db960e35fbfa39fcb40e61daceb15b1,pom.xml
88c1f903cede03ff371059cdaf009dab12007043,pom.xml
8929dc34435f6b4e54bc889c83a5cb27b2931e51,pom.xml
89c60030429466a6cca77c2549a53a17c085033d,pom.xml
8ab7a7214f9ac1d130b416fae7280cfda533a54f,ui-tests/pom.xml
8b057977647445aade80627a06bd65867f64b948,pom.xml
8b1bc48bc378cd22999b9f7d495aa5b00b080770,pom.xml
8b372dfe79625ff585c5b0392913b6b152cc7c22,pom.xml
8c4d6c00ba37fa1d09faa90798f0c33e97d0fb69,pom.xml
8d55e2e454692c14deeffa58518698ad112602a0,pom.xml
8dda40abd229427ce0651f55a787015899c95570,pom.xml
8e1f0f08eef839903067c7c11432117c4897d0cd,pom.xml
8e1f764e628fbcd6813c9dc0329854ac46375c83,pom.xml
8ecc7850c97f4616ec4e67f7568adf34293cc4f1,pom.xml
8ef89758401d5511783c909f8d45b5431afb361c,pom.xml
8f16da085185a09deb5f3d810cc66f6e73348a22,pom.xml
8f757321e48d7ffb117cbc8fb13d316e23d0f58f,pom.xml
8f91818349e823e5d865eb3ebdf561da7ae1cfd8,pom.xml
8fbb6deb112102ef7507a8e68c5215e5f481d03b,pom.xml
8fe55d8be21f549ba55bcccc2d21e81386bfc8b2,pom.xml
9069046236a07524578ff81b32ff92f34c59553d,spring/junit4-spring-boot-test/pom.xml
90cca141fc95d0510f92e23032c9d03813b074d8,pom.xml
90df9018630b8f8248f332e747d88254d99da1c9,pom.xml
90ffd2cd31edecf778d14d0015da9ceab7e53081,pom.xml
919c808279d233d4babd9b2321606620786febaa,pom.xml
9218cc9c8e0018d01e2d7cfe0e77aae7b65b378f,pom.xml
923528a3dd1bcdba21490f7583c80a67d01285b2,pom.xml
923a6b2027e3ca1762deb6a60fc0a768c284122b,pom.xml
93ac5faf37905e0fb4b44f5401271f2d3d76f57a,pom.xml
940214f7419c564431163c4599d24ce3152a2ca0,pom.xml
94380c9eb5be989b7e60e0353a03b03ff4687674,pom.xml
9461431622cf39efe60cf1eb03a94083780c5720,snmpman/pom.xml
94cea45b797ef15ab6dcfd20157d7b2f8d0f3cde,pom.xml
9545eb3a2687afc77b0a7da4d5d621807618d95c,pom.xml
9564cba457bb43e722b7cb025fa52fd099ad02db,pom.xml
959774bbbc3839e33c02a564f75cb28de5d308e2,pom.xml
95b2c15de16fd9fd612ce73672e29b613ce7a909,pom.xml
95f718977b09c1b664738f288f99b4ba76f78f63,pom.xml
9717e34bcda74bd9ad94f6a52ddfd3fd179ea15b,pom.xml
979780b29cf329579fa703552f9090b23c10e81d,messaging/pom.xml
979d6237a50840cd925cc1a33c415ffbbbc42846,extensions/struts2/pom.xml
98ac85f955abc4b64ec714a011375aa5338d95c2,messaging/pom.xml
98d9528e879a954fdf0751d659755b04912700cd,jannovar-htsjdk/pom.xml
99a43573c3ea90d8b942627b8ea947933d229863,pom.xml
99d4dfc8ca5b2db281f154ca9db3ad953b792b4d,pom.xml
99ea58c42fe0aa521e6c62d04258f155b5abe26e,pom.xml
99ec071a0ce40e1bf683e66a6717df2f57c7d817,pom.xml
9a8b6fc7847a0782ae4c48d0e4f7056507c0397d,src/pom.xml
9ae83176a05822b8032bef50908c296dbfe88fde,pom.xml
9b63e53888ebdd9c84f4eec3cb661299dea41344,pom.xml
9c0f1348f89dffae4ad0d4f7e1906fc8c8ba8dca,src/core/persistence/pom.xml
9d450e88e8744638ba37037d6f41e65d9067aa3b,pom.xml
9d51a768dc633ed4895a474f78eaaf84a3c209fd,messaging/pom.xml
9da8825fbdb24922b94be9eb82eefc73640d8f6b,pom.xml
9dbbd30590fa87f3e719615e0816c231106e01de,pom.xml
9fd4403e49fe380d2cb348172029c64f1d8f7ecb,pom.xml
a047d2d3f9385a25ced0d2ad3c49f9401ea9c624,maven-plugin/pom.xml
a05bfd52ed33fb68c5edb2b53d9424d82ac60fa8,pom.xml
a0855ad505640bff0825e1cde2ab7cacdfb5c2af,pom.xml
a18e08bb3fe120b33a5864ee94305a72290ef831,pom.xml
a1b247aa03bcc0131d0646b2adaf434de18dcf80,pom.xml
a1ff30e0bc6a9b48e024a8ab27cefda3ad85b530,pom.xml
a26797cdeeecaa3b900ea1e0d5ec0cec66bf03ff,pom.xml
a2b0fc53611f8705640773f18c8dd6a47eed3b7f,nis/pom.xml
a3f4738330d23b9136044ae86c2093fba2c292e4,core/pom.xml
a48e9cf77fbae6f1af8e2c7ad31ab3f857d4fd23,core/jdk-supplemental/pom.xml
a4c360001134c2e3a9f7fbde88a07a9fd767e78e,pom.xml
a61b52b3627b4a635ae6712081e55cd83e55397d,pom.xml
a67f1530f9413375ec0c2478cc3c01f67bed306f,testng/testng-sql-listener/pom.xml
a698299490d70ce07b7af6e29ebf4627d412f4dd,pom.xml
a784b326d0821fc03fe6c5c13053424f8c2c358e,nis/pom.xml
a80dac86d1caa3958c45c036d93a7d9231d88fbf,pom.xml
a950450686c4c136567f3ba7333da8ffaaa84326,pom.xml
a978da4ecd0a5dc2d9341b2ee3943cb0aa53d438,core/pom.xml
a9c9228182e2e46c98643332f65b0fe372f0a9e4,camunda-bpm-camel-spring/pom.xml
a9df7b2235224fcabefa1d62e8956911aa5bb825,polyglot-yaml/pom.xml
aa14451c6f218af9c08e846345d83259eb7d46a8,pom.xml
aa7bdc45bb47197d959ceae62538a100a01a4d98,pom.xml
aac5842369f198d9442cacc2949a09fe00a55367,pom.xml
aaee63ae584043fe8c048b14741d9967cc371741,pom.xml
aaffc2677a7aedeb61ece217a32f3aae237e6776,pom.xml
ab70529b2edf0a0b3f672278e191dc207d1b8711,pom.xml
ab81c2b264ca72de752228690ab5838ea9173d1f,core/pom.xml
abe29340c60b0bfe93b13b638838163cf355eb03,pom.xml
abfb7dd92cff85ddb69f70666f3f1705bbf55c78,pom.xml
ac14d8362de4bfcf636e1468d68faa10d8b42669,pom.xml
acc50dabec6796c091b84c1ada2ae4cbcab8b562,extensions/struts2/pom.xml
ad68349ac058caf14e021e518055b67aca19b663,pom.xml
ad80bdff62b1b0520d3fb9e8d627532a38a7c60c,nis/pom.xml
add76d2702720eec58110eb133a1511af7455f97,pom.xml
ae0c985ae9bd343310b66c5d9895aa068b5ef505,pom.xml
ae16b526695fe275ab5e6a1992916875d26da860,pom.xml
ae17c8e47b93596cffeb2ec9241465cf39c7f8eb,messaging/pom.xml
aef811ea00446dc800e8fba6cfc15d6d297793ea,pom.xml
af6e5d1cc94f031f29b4838e7a8b56704c8c5de4,nis/pom.xml
b0b8acbc9d71100877bac6e4322d55eb3493ab4c,pom.xml
b19ea99f63b85bbe2bcbdb67bd57459a79f4e677,pom.xml
b1a941400d68445d76056ab8833cd6d2e3455954,parent-root/pom.xml
b209fe48162aad0f97eec1ddbb10fae165af4791,pom.xml
b2b18584e757c44b1468383252d6a9761f8097de,pom.xml
b2edf635da83fd076262a41751c6f773c17f3b76,apis/byon/pom.xml
b349a544f5d004d5297879a0cfdb5f39e0a09110,pom.xml
b554e03428f2ba877c33a0fece7f0f00fb38a5fa,license-maven-plugin/pom.xml
b5b64613a1a650a5784ff39386b4e00e05e5c21c,pom.xml
b5d920ebc2b2ada185467c989310e2f78806bc95,pom.xml
b5eb721e10cb05e68c0283d8a76c46cc257a0331,pom.xml
b6a48a6e557fad1ceda680618e0a34c7b8c5c087,nis/pom.xml
b6c9b74915e6fb8a972e243f23af2631fce44eb4,pom.xml
b736ca80eab43feae1b3224f8402e0d2420fd035,pom.xml
b7e4be7e46c5360726104023156ae726da6c972e,core/pom.xml
b8f92ff37d1aed054d8320283fd6d6a492703a55,pom.xml
b92fdfdaeea759fb558907ef8f7e3d46c170f886,pom.xml
b98f5deee00b655fd88f1ae72f2b006f2f8c4637,google-cloud-jar-parent/pom.xml
b9f3ed467fa1dddb9e315325f5411349378d467c,pom.xml
bab3a3c5b1aa9ee57dcbff7f146576f2c0c7251d,pom.xml
bad55510363bde900a60f13ecc744e0c244397d4,pom.xml
bbb6f746d11a6f048afe61592d1c5fe7e4560c84,pom.xml
bbd31a8cfb555ca45c1eaf43ac659e83539df201,google-cloud-nio-examples/pom.xml
bbd396d040324e103e29fcfe0b51389bfade4d93,pom.xml
bc209e43001af17218a6f401d0ea884d814790d1,safeplace/pom.xml
bc2dad1e82eb2a8a5105465ca2a8426813760606,messaging/pom.xml
bc73c14c4b588fd53f1f8e5f88be79f827ac6c6e,pom.xml
bcafa6f39116555a4c53882ed2cf2835594d9114,messaging/pom.xml
bd3ce213e2771c6ef7817c80818807a757d4e94a,pom.xml
bd46a7fe95a386f4def45dcc8c6c18ba2d9a5920,pom.xml
bd9245e7626d7844d1b67dda4396ca523e9e3687,.dependency-lock/pom.xml
bd93ad3b61139e8bf91a1a0ff5351bc9d3d8bbbc,pom.xml
bdbb81614557858922836294d1d6dd3dd661f10c,pom.xml
bdbdd72d9988aa736bde515d46d3990527c92fee,pom.xml
bf192132622ef035d43b717570a4d6746540364c,pom.xml
bfe01b1632ae11371134a34066ad2d9e23e374b3,pom.xml
c007e01d4bad22201d0ce3dcf3a4dc04bc282647,pom.xml
c09896887acf0fe59320e01145a7034cd8d4e326,lib/pom.xml
c0f6ab75784dbc13ae8ff47298704c0756cf3a2c,sorald/pom.xml
c1fc16b4fe9dfdfa16ce7248fccad0e7d994094d,pom.xml
c3132b266fa9bb6a8dbfbc548cd2ca2b99d8d8af,pom.xml
c32185c43be158d32c7d13c5b816991954eb45fa,nis/pom.xml
c3818c076f0c088d1d11b7812b880be579c19ec2,nis/pom.xml
c3d0aba8fabeb8026b73bdc1b891f64271cd06e7,pom.xml
c4071651dc726b94d118e67b4d76e1979661ffda,pom.xml
c44aa1857cdeb811d87303df5671be9431105d3c,nis/pom.xml
c46623986f77fdd0a206e3be2fae7e283b157be3,pom.xml
c4950c79dfe902dae8991ff722216c7ba787bf32,pom.xml
c5905f7220e1129a0448715ee5d0e61ee5ac31e1,pom.xml
c5c8dfee350e07c014506dfdfead5556d0bc6a2a,pom.xml
c5db2b610e30061ea559e10cbccffb055d345d5e,pom.xml
c5ddd70e8ce1555bdfd337e563b08d87ec6dc826,.dependency-lock/pom.xml
c5fd5187ce64d2b53602717f09cc18dd21d55e8d,nis/pom.xml
c7c9590a206d4fb77dd05b9df391d888e6181667,pom.xml
c83979c19ca572bfef0fa96d73772fdbeeddd109,graphql-core/pom.xml
c8a572a7d8e67eef75d9ab1a80d6acb952be6d7e,pom.xml
c8da6c3c823d745bb37b072a4a33b6342a86dcd9,messaging/pom.xml
c90c8fd408f5f9b6f5760a5e5e0182c8faa73179,pom.xml
c923de11176e4fee34fa01bdb1cb1c90861fd0cf,pom.xml
c9cc7d936dda55c66b41411ba608549061914806,pom.xml
ca09cbc2092a1083d1e640adfec7d6a188e5e935,pom.xml
cb541fd65c7b9bbc3424ea927f1dab223261d156,pom.xml
cbcafe129e143ef09401470e9d11de9758f298d0,pom.xml
ccc3057b9cbfdc307d01be295c67d142187d197d,pom.xml
cd1b75ae5b6d703c29d9e2bd5a0ed230a129711a,pom.xml
cd5bb39f43e4570b875027073da3d4e43349ead1,pom.xml
d0eb69d8fbb6266c96fef6247b3116bc0875f6ae,pom.xml
d154a6b3665305fda43a95a66c8df415d1d4c041,pom.xml
d2fb00d2a9b8268caf773f70985f39be6eae8ea7,pom.xml
d33aad4917142fc9f8910f8fe672ba86b27ef49a,pom.xml
d3af06df4613be146bb9f8034e1a8a3098050c82,pom.xml
d3c95ff17d26fa7a708166828672ed5de280f029,avans/pom.xml
d401e189fb6435110e3dc4ca1a94838f167e7ddf,pom.xml
d445acc2204a18c99f5e62a1f641e15e75659249,pom.xml
d4aade950ffc07b63a0140e43ecf930a2c8aec43,pom.xml
d4b00540f924069034a93ef4c14e4cc950dd5368,pom.xml
d54b56b91c11f21b97d4903143b04b7c1f10c255,pom.xml
d675fa18d22f8ad374f8d6cb7e0dfd9b1f18cc58,messaging/pom.xml
d6eda931038e0088d03c4bdf4b3006eb87c551e2,pom.xml
d6f2fa0c76f2ce79dfc610e1b97cf5c021f6c425,pom.xml
d70adda72af8cc1cfe1f52350a4664e09ad10b7a,pom.xml
d7cc1744503dcd393468db7cbc47cec0cea2a2f0,pom.xml
d8031ba94b60982bec9dc8bfedaeee700731be7a,pom.xml
d8e0311e6203d6b15c187e8536ea910b1bbc362f,pom.xml
d9a0df6feee60bb6d7d301f251cab386168eecd1,polyglot-kotlin/src/test/resources/example/pom.xml
d9d866185ffa05b8d42b00801f17e4db92ae78bd,pom.xml
d9e80390c47f51b6f8b3cdc1d6a1305eafde811f,pom.xml
db4b37b7cf6b0fe74565f15a03518ba68d4ce1ff,json/pom.xml
dbb2ae9a870a786e725eb095d86196a2d9081ec9,pom.xml
dbdc7d2c4a28a8d65edcd0cdece91c0bc357b869,pom.xml
dc7825479563597d41c2b2fef1540a29d8b8ab36,pom.xml
dc9a40fde9a9fee5aaec3f60695385ba539406d4,arex-instrumentation/dubbo/arex-dubbo-apache-v2/pom.xml
dc9f7910968cd0aa2090e390045ae053693e839a,nis/pom.xml
dcc95f410847ab308db2f2a31ab13e32dc65c670,pom.xml
dd75e8070babe8916e4907885fce513d9cb26b80,pom.xml
dde0743630a540bff1ba3033b7016fcfc345122f,pom.xml
de20387b7a373cf20daa590247a1b65876ebca38,json/pom.xml
dec73a7c634142d631306f8cf201e228fe3ebcc6,pom.xml
df8452d0d7878f371c8775814e7a60cf6cecbfbb,pom.xml
e032e05b9b84d3e8eca72624e54822216dfa39c8,core/pom.xml
e05121a99cab7dc2b7c88094c2aa2a43e453ee68,pom.xml
e074b52364dd631a2fa56b1290ed7572e23da29c,pom.xml
e0f2562e849012538cd30e2730c82991983f4eba,pom.xml
e14a9e4a300747a582012aec4d40a6a69f5fd4f4,messaging/pom.xml
e14e4c4fa02468ad27d303785c26539a6b3b8eab,messaging/pom.xml
e181647f2d24f810e59c6b903b1d8cf6680ac5a3,pom.xml
e259f250790e47143d9772ac3b483edf7a963527,pom.xml
e35a97cf177d8cd7d022c4adca7da24f1a17a2eb,pom.xml
e3b288f3a1507baf36451c4844d6f360b472e3d1,pom.xml
e40f76d1150d41821ccfd72e9dd3fabbc8763c1e,ui-tests/pom.xml
e4661d89a64fad5e140c2ad78df2580afdec4d52,pom.xml
e47fd8edc5227b6852ebd2466dd89049c9907b80,pom.xml
e5801e7457483c9f9e92cd10779e1281fc930fd7,pom.xml
e59bf2313ed8a7a196c271ba1c9ea0e5a4b66f24,pom.xml
e70bd198fa1e1d65f86e071b8ebdd021141cfa95,pom.xml
ea03f6488449fcfe8cd0a678b4c64891e1427a32,pom.xml
ea33b5101edffc0242967cbf21c1016378b18483,nis/pom.xml
eb82573b99b6d9688e557d3490fa5d3e9512c99b,pom.xml
ed7fbdd75abc666d9d5a2794e9392ed33e75de9b,pom.xml
ee0827d4c9bf80982241e8c3559dceb8b39063e4,pom.xml
ef3f7be3e2755d4a0f9c23bdcbfe3b97198fb31b,pom.xml
ef830a40b026342754f923d1fa8ebb78fda1ca4d,pom.xml
efd982c815eb9e82476b44386a6e3572d6a807c8,pom.xml
f1dfdcd3774cc7ad8900e232607d1519085e48d7,pom.xml
f218673d7754237bc1182ab783d731ad905ccfce,pom.xml
f222a61aa0ca3b1db39da2fee47fbe5c4d31f918,pom.xml
f26cd85b97b24c07a2e446f43ac8793619fa0724,pom.xml
f412c0f6f2bfd2a7aa3522b0f989f6b920a66a64,pom.xml
f557d31b4faf102b5d2f67d86a1a4f67c09b5837,messaging/pom.xml
f5a34301592bb62474489de79069d7873ffe070e,messaging/pom.xml
f5bc873a4b68e87761a65064ebea9ad8c3fb085f,tobago-tool/tobago-theme-plugin/pom.xml
f5dbb3021aa96afc60b38d2b0b01873d3a6f16bd,messaging/pom.xml
f5fe6b784898301536f8733eba0ce43109488f5c,pom.xml
f61b113c1493d02611bc5cdc9a80e8af0abf2035,pom.xml
f665330dbf470b054e03e64ea35c06cfbecf0f4b,pom.xml
f6659d758a437f8b676481fe70671a68a6ee1cde,pom.xml
f6aa80590030f7109e6ae80b58fd32fd176308c4,pom.xml
f714a41f0ffe9720939d4980da5119d1f45bd770,pom.xml
f78d34b82926216c0f203c0350f646d481c675e3,pom.xml
f890f275db902558236cef2feb3d1d2f1aab11fd,pom.xml
f951ead97d14eb29e625d14c2ed5258949728ee4,pom.xml
f9763c18c7e1fa54fb67dcf3935aa5106807aba9,ui-tests/pom.xml
fa6503da9fd5431abca41561a34d54e07fbbf7d0,pom.xml
fafb59e8f1b9ddba4bbabe64818f361e7def7d04,pom.xml
fb40f5e5fc20ca31cf9fdadd5ace53f7de5ea093,micrometer-registry-stackdriver/runtime/pom.xml
fb71d68c62a6b9263ebc5113d97c91535d3106b2,pom.xml
fc7d1a841bfe8a840b362fa09bae13e5231bc148,pom.xml
fc969c97c1b5d8c4aa8255563eecc1ee1695cbd5,pom.xml
fcac4926cf5adb0de62abda8c386056bcc516f70,pom.xml
fd955874338ec4b678416f6d1b62a8b1f499d9e3,pom.xml
fe15d2a6e52b049f6c9e7cc123a5402047a1f01a,billy-portugal/pom.xml
fe31c5e11259881e9dce66d325d1b8b8ed8afc81,pom.xml
fe57fca108ccd8ea9b98666075fbc3237874c314,messaging/pom.xml
fe8646eae5d5f81a733be6cbf8f3a308c604e8ec,pom.xml
feb582661e77de66eadaa7550720a8751b266ee4,pom.xml
feffea0a79cb081714cad3f02c109ad4972dcbfe,pom.xml
ff77ec9ef379e9fee5f45f4fd88230e9bbbe4b89,pom.xml
ff854f4235725ac7ea3e370b69026d405688ba2e,pom.xml
ff8b5b61548d50cf60b77784a181e917cb35033b,pom.xml
ff98f9e99811cd3186d3819d19b5b7f8143a0632,pom.xml
